{
    "name": "root",
    "gauges": {
        "AutoAgentFinale.Policy.Entropy.mean": {
            "value": 0.1369697004556656,
            "min": 0.1369697004556656,
            "max": 0.7636017203330994,
            "count": 339
        },
        "AutoAgentFinale.Policy.Entropy.sum": {
            "value": 164.36363220214844,
            "min": 97.64744567871094,
            "max": 977.4102172851562,
            "count": 339
        },
        "AutoAgentFinale.Step.mean": {
            "value": 499948.0,
            "min": 161996.0,
            "max": 499948.0,
            "count": 339
        },
        "AutoAgentFinale.Step.sum": {
            "value": 499948.0,
            "min": 161996.0,
            "max": 499948.0,
            "count": 339
        },
        "AutoAgentFinale.Policy.ExtrinsicValueEstimate.mean": {
            "value": 22.7471981048584,
            "min": 16.276159286499023,
            "max": 23.35965347290039,
            "count": 339
        },
        "AutoAgentFinale.Policy.ExtrinsicValueEstimate.sum": {
            "value": 341.2079772949219,
            "min": 33.39037322998047,
            "max": 373.6531982421875,
            "count": 339
        },
        "AutoAgentFinale.IsTraining.mean": {
            "value": 1.0,
            "min": 1.0,
            "max": 1.0,
            "count": 339
        },
        "AutoAgentFinale.IsTraining.sum": {
            "value": 1.0,
            "min": 1.0,
            "max": 1.0,
            "count": 339
        },
        "AutoAgentFinale.Losses.PolicyLoss.mean": {
            "value": 0.09921373085064046,
            "min": 0.06797615558925,
            "max": 0.1241657724720426,
            "count": 155
        },
        "AutoAgentFinale.Losses.PolicyLoss.sum": {
            "value": 0.09921373085064046,
            "min": 0.06797615558925,
            "max": 0.1241657724720426,
            "count": 155
        },
        "AutoAgentFinale.Losses.ValueLoss.mean": {
            "value": 0.07331438752658227,
            "min": 0.06986075000781002,
            "max": 2.3589250941993667,
            "count": 155
        },
        "AutoAgentFinale.Losses.ValueLoss.sum": {
            "value": 0.07331438752658227,
            "min": 0.06986075000781002,
            "max": 2.3589250941993667,
            "count": 155
        },
        "AutoAgentFinale.Policy.LearningRate.mean": {
            "value": 3.5600996440000068e-06,
            "min": 3.5600996440000068e-06,
            "max": 0.0006711440328856,
            "count": 155
        },
        "AutoAgentFinale.Policy.LearningRate.sum": {
            "value": 3.5600996440000068e-06,
            "min": 3.5600996440000068e-06,
            "max": 0.0006711440328856,
            "count": 155
        },
        "AutoAgentFinale.Policy.Epsilon.mean": {
            "value": 0.10035599999999999,
            "min": 0.10035599999999999,
            "max": 0.1671144,
            "count": 155
        },
        "AutoAgentFinale.Policy.Epsilon.sum": {
            "value": 0.10035599999999999,
            "min": 0.10035599999999999,
            "max": 0.1671144,
            "count": 155
        },
        "AutoAgentFinale.Policy.Beta.mean": {
            "value": 1.1744400000000004e-05,
            "min": 1.1744400000000004e-05,
            "max": 0.0003388605600000001,
            "count": 155
        },
        "AutoAgentFinale.Policy.Beta.sum": {
            "value": 1.1744400000000004e-05,
            "min": 1.1744400000000004e-05,
            "max": 0.0003388605600000001,
            "count": 155
        },
        "AutoAgentFinale.Environment.EpisodeLength.mean": {
            "value": 33328.0,
            "min": 504.0,
            "max": 33328.0,
            "count": 22
        },
        "AutoAgentFinale.Environment.EpisodeLength.sum": {
            "value": 33328.0,
            "min": 788.0,
            "max": 33328.0,
            "count": 22
        },
        "AutoAgentFinale.Environment.CumulativeReward.mean": {
            "value": 7411.0,
            "min": 71.0,
            "max": 7411.0,
            "count": 21
        },
        "AutoAgentFinale.Environment.CumulativeReward.sum": {
            "value": 7411.0,
            "min": 142.0,
            "max": 7411.0,
            "count": 21
        },
        "AutoAgentFinale.Policy.ExtrinsicReward.mean": {
            "value": 7411.0,
            "min": 71.0,
            "max": 7411.0,
            "count": 21
        },
        "AutoAgentFinale.Policy.ExtrinsicReward.sum": {
            "value": 7411.0,
            "min": 142.0,
            "max": 7411.0,
            "count": 21
        }
    },
    "metadata": {
        "timer_format_version": "0.1.0",
        "start_time_seconds": "1718213078",
        "python_version": "3.9.18 (main, Sep 11 2023, 14:09:26) [MSC v.1916 64 bit (AMD64)]",
        "command_line_arguments": "C:\\Users\\Hafid\\anaconda3\\envs\\MLAgents\\Scripts\\mlagents-learn Config/trainer_config.yaml --run-id=CubeAgent12 --resume",
        "mlagents_version": "0.30.0",
        "mlagents_envs_version": "0.30.0",
        "communication_protocol_version": "1.5.0",
        "pytorch_version": "1.7.1+cu110",
        "numpy_version": "1.21.2",
        "end_time_seconds": "1718214793"
    },
    "total": 1714.9508742,
    "count": 1,
    "self": 0.00961989999996149,
    "children": {
        "run_training.setup": {
            "total": 0.12421219999999988,
            "count": 1,
            "self": 0.12421219999999988
        },
        "TrainerController.start_learning": {
            "total": 1714.8170421,
            "count": 1,
            "self": 0.6496351000125742,
            "children": {
                "TrainerController._reset_env": {
                    "total": 9.0895007,
                    "count": 1,
                    "self": 9.0895007
                },
                "TrainerController.advance": {
                    "total": 1705.0178371999875,
                    "count": 33876,
                    "self": 0.6321469000272373,
                    "children": {
                        "env_step": {
                            "total": 1125.8405343999723,
                            "count": 33876,
                            "self": 961.1644005000089,
                            "children": {
                                "SubprocessEnvManager._take_step": {
                                    "total": 164.2640521999881,
                                    "count": 33876,
                                    "self": 2.1034917999837717,
                                    "children": {
                                        "TorchPolicy.evaluate": {
                                            "total": 162.16056040000433,
                                            "count": 33858,
                                            "self": 162.16056040000433
                                        }
                                    }
                                },
                                "workers": {
                                    "total": 0.4120816999752819,
                                    "count": 33876,
                                    "self": 0.0,
                                    "children": {
                                        "worker_root": {
                                            "total": 1706.8315090000274,
                                            "count": 33876,
                                            "is_parallel": true,
                                            "self": 782.96625050002,
                                            "children": {
                                                "steps_from_proto": {
                                                    "total": 0.0005583999999991818,
                                                    "count": 1,
                                                    "is_parallel": true,