{
    "name": "root",
    "gauges": {
        "RaceCar.Policy.Entropy.mean": {
            "value": -7.160700798034668,
            "min": -7.160700798034668,
            "max": -6.15152645111084,
            "count": 241
        },
        "RaceCar.Policy.Entropy.sum": {
            "value": -71521.078125,
            "min": -74618.953125,
            "max": -12992.0234375,
            "count": 241
        },
        "RaceCar.Step.mean": {
            "value": 3999975.0,
            "min": 1599939.0,
            "max": 3999975.0,
            "count": 241
        },
        "RaceCar.Step.sum": {
            "value": 3999975.0,
            "min": 1599939.0,
            "max": 3999975.0,
            "count": 241
        },
        "RaceCar.Policy.ExtrinsicValueEstimate.mean": {
            "value": 0.06482993811368942,
            "min": -1.022249460220337,
            "max": 1.763350486755371,
            "count": 241
        },
        "RaceCar.Policy.ExtrinsicValueEstimate.sum": {
            "value": 10.696939468383789,
            "min": -186.04940795898438,
            "max": 305.05963134765625,
            "count": 241
        },
        "RaceCar.Policy.GailValueEstimate.mean": {
            "value": 2.7159230709075928,
            "min": 0.6999700665473938,
            "max": 13.051862716674805,
            "count": 241
        },
        "RaceCar.Policy.GailValueEstimate.sum": {
            "value": 448.1273193359375,
            "min": 191.09182739257812,
            "max": 2127.45361328125,
            "count": 241
        },
        "RaceCar.Losses.PolicyLoss.mean": {
            "value": 0.08095222259428174,
            "min": 0.044655327702821525,
            "max": 0.2264653611462563,
            "count": 241
        },
        "RaceCar.Losses.PolicyLoss.sum": {
            "value": 0.5666655581599722,
            "min": 0.16482312430938084,
            "max": 2.102320194874968,
            "count": 241
        },
        "RaceCar.Losses.ValueLoss.mean": {
            "value": 0.1941026939300909,
            "min": 0.001118656688925478,
            "max": 14.170998143487507,
            "count": 241
        },
        "RaceCar.Losses.ValueLoss.sum": {
            "value": 1.3587188575106364,
            "min": 0.010067910200329303,
            "max": 127.53898329138757,
            "count": 241
        },
        "RaceCar.Policy.LearningRate.mean": {
            "value": 3.892534417107148e-07,
            "min": 3.892534417107148e-07,
            "max": 0.00018003926498692504,
            "count": 241
        },
        "RaceCar.Policy.LearningRate.sum": {
            "value": 2.724774091975004e-06,
            "min": 2.724774091975004e-06,
            "max": 0.001781315281228375,
            "count": 241
        },
        "RaceCar.Policy.Epsilon.mean": {
            "value": 0.10012971785714286,
            "min": 0.10012971785714286,
            "max": 0.16001307500000003,
            "count": 241
        },
        "RaceCar.Policy.Epsilon.sum": {
            "value": 0.700908025,
            "min": 0.16001307500000003,
            "max": 1.593771625,
            "count": 241
        },
        "RaceCar.Policy.Beta.mean": {
            "value": 0.0005000000000000002,
            "min": 0.0005,
            "max": 0.0005000000000000003,
            "count": 241
        },
        "RaceCar.Policy.Beta.sum": {
            "value": 0.0035000000000000014,
            "min": 0.0005000000000000002,
            "max": 0.005000000000000002,
            "count": 241
        },
        "RaceCar.Policy.GAILPolicyEstimate.mean": {
            "value": 0.06433647431965385,
            "min": 0.059882324223441113,
            "max": 0.3035887624654505,
            "count": 241
        },
        "RaceCar.Policy.GAILPolicyEstimate.sum": {
            "value": 0.45035532023757696,
            "min": 0.22645951608816783,
            "max": 2.9803044038514295,
            "count": 241
        },
        "RaceCar.Policy.GAILExpertEstimate.mean": {
            "value": 0.8739890443427222,
            "min": 0.7046099901199341,
            "max": 0.8739890443427222,
            "count": 241
        },
        "RaceCar.Policy.GAILExpertEstimate.sum": {
            "value": 6.117923310399055,
            "min": 0.7190082152684529,
            "max": 8.450785646835964,
            "count": 241
        },
        "RaceCar.Losses.GAILLoss.mean": {
            "value": 0.24427309288155466,
            "min": 0.2418652051300914,
            "max": 0.8071001205179426,
            "count": 241
        },
        "RaceCar.Losses.GAILLoss.sum": {
            "value": 1.7099116501708826,
            "min": 0.7356563627719879,
            "max": 7.806566019852956,
            "count": 241
        },
        "RaceCar.Policy.GAILGradMagLoss.mean": {
            "value": 0.07492989069294362,
            "min": 0.07492989069294362,
            "max": 1.5350468382239342,
            "count": 241
        },
        "RaceCar.Policy.GAILGradMagLoss.sum": {
            "value": 0.5245092348506053,
            "min": 0.5245092348506053,
            "max": 13.815421544015408,
            "count": 241
        },
        "RaceCar.Losses.PretrainingLoss.mean": {
            "value": 0.008565361470852677,
            "min": 0.008565361470852677,
            "max": 0.27918384422156794,
            "count": 241
        },
        "RaceCar.Losses.PretrainingLoss.sum": {
            "value": 0.05995753029596874,
            "min": 0.05995753029596874,
            "max": 2.5126545979941115,
            "count": 241
        },
        "RaceCar.Environment.EpisodeLength.mean": {
            "value": 1035.5454545454545,
            "min": 72.14074074074074,
            "max": 2205.0,
            "count": 235
        },
        "RaceCar.Environment.EpisodeLength.sum": {
            "value": 11391.0,
            "min": 332.0,
            "max": 31532.0,
            "count": 235
        },
        "RaceCar.Environment.CumulativeReward.mean": {
            "value": 0.1234436072820906,
            "min": 0.07587606042133385,
            "max": 5.482950978627397,
            "count": 235
        },
        "RaceCar.Environment.CumulativeReward.sum": {
            "value": 1.3578796801029966,
            "min": 0.8346366646346723,
            "max": 168.5205100454623,
            "count": 235
        },
        "RaceCar.Policy.ExtrinsicReward.mean": {
            "value": 0.1234436072820906,
            "min": 0.07587606042133385,
            "max": 5.482950978627397,
            "count": 235
        },
        "RaceCar.Policy.ExtrinsicReward.sum": {
            "value": 1.3578796801029966,
            "min": 0.8346366646346723,
            "max": 168.5205100454623,
            "count": 235
        },
        "RaceCar.Policy.GailReward.mean": {
            "value": 20.147663349455055,
            "min": 3.1258725356875043,
            "max": 64.0159350362691,
            "count": 235
        },
        "RaceCar.Policy.GailReward.sum": {
            "value": 221.62429684400558,
            "min": 38.04724073410034,
            "max": 1723.3972104489803,
            "count": 235
        },
        "RaceCar.IsTraining.mean": {
            "value": 1.0,
            "min": 1.0,
            "max": 1.0,
            "count": 241
        },
        "RaceCar.IsTraining.sum": {
            "value": 1.0,
            "min": 1.0,
            "max": 1.0,
            "count": 241
        }
    },
    "metadata": {
        "timer_format_version": "0.1.0",
        "start_time_seconds": "1718502496",
        "python_version": "3.9.18 (main, Sep 11 2023, 14:09:26) [MSC v.1916 64 bit (AMD64)]",
        "command_line_arguments": "C:\\Users\\Singy\\anaconda3\\envs\\unity\\Scripts\\mlagents-learn Assets/Config/RaceCar.yaml --run-id=imitationlearningfinal --resume",
        "mlagents_version": "0.30.0",
        "mlagents_envs_version": "0.30.0",
        "communication_protocol_version": "1.5.0",